type,x,y,ins_mode,dis_ins,yaw_ins,n,target,flag_save,comment
I,192.5,-2.6,0,0.0,0.0,0,1,1,
I,192.5,-2.6,0,0.0,0.0,0,1,1,
I,192.5,-2.6,0,0.0,0.0,0,1,1,
I,192.5,-2.6,0,0.0,0.0,0,1,1,
I,192.5,-2.6,0,0.0,0.0,0,1,1,
I,192.5,-2.6,0,0.0,0.0,0,1,1,
I,192.5,-2.6,0,0.0,0.0,0,1,1,
I,192.5,-2.6,0,0.0,0.0,0,1,1,
I,192.5,-2.6,0,0.0,0.0,0,1,1,
I,192.5,-2.6,0,0.0,0.0,0,1,1,
I,192.5,-2.6,0,0.0,0.0,0,1,1,
I,192.5,-2.6,0,0.0,0.0,0,1,1,
I,192.5,-2.6,0,0.0,0.0,0,1,1,
I,192.5,-2.6,0,0.0,0.0,0,1,1,
I,192.5,-2.6,0,0.0,0.0,0,1,1,
I,192.5,-2.6,0,0.0,0.0,0,1,1,
I,192.5,-2.6,0,0.0,0.0,0,1,1,
I,192.5,-2.6,0,0.0,0.0,0,1,1,
I,192.5,-2.6,0,0.0,0.0,0,1,1,
I,192.5,-2.6,0,0.0,0.0,0,1,1,
I,192.5,-2.6,0,0.0,0.0,0,1,1,
I,192.5,-2.6,0,0.0,0.0,0,1,1,
I,192.5,-2.6,0,0.0,0.0,0,1,1,
I,192.5,-2.6,0,0.0,0.0,0,1,1,
I,192.5,-2.6,0,0.0,0.0,0,1,1,
I,192.5,-2.6,0,0.0,0.0,0,1,1,
I,192.5,-2.6,0,0.0,0.0,0,1,1,
I,192.5,-2.6,0,0.0,0.0,0,1,1,
I,192.6,-2.6,0,0.0,0.0,0,1,1,
I,192.7,-2.6,0,0.0,0.0,0,1,1,
I,192.7,-2.6,0,0.0,0.0,0,1,1,
I,193.4,-2.7,0,0.0,0.0,0,1,1,
I,195.8,-2.9,0,0.0,0.0,0,1,1,
I,199.7,-3.4,0,0.0,0.0,0,1,1,
I,205.3,-4.1,0,0.0,0.0,0,1,1,
I,208.2,-4.4,0,0.0,0.0,0,1,1,
I,207.8,-4.3,0,0.0,0.0,0,1,1,
I,204.7,-3.9,0,0.0,0.0,0,1,1,
I,202.2,-3.5,0,0.0,0.0,0,1,1,
I,201.3,-3.4,0,0.0,0.0,0,1,1,
I,200.7,-3.3,0,0.0,0.0,0,1,1,
I,200.6,-3.3,0,0.0,0.0,0,1,1,
I,200.6,-3.3,0,0.0,0.0,0,1,1,
I,200.6,-3.3,0,0.0,0.0,0,1,1,
I,200.6,-3.3,0,0.0,0.0,0,1,1,
I,200.6,-3.3,0,0.0,0.0,0,1,1,
I,200.6,-3.3,0,0.0,0.0,0,1,1,
I,200.6,-3.3,0,0.0,0.0,0,1,1,
I,200.5,-3.3,0,0.0,0.0,0,1,1,
I,200.5,-3.3,0,0.0,0.0,0,1,1,
I,200.7,-3.3,0,0.0,0.0,0,1,1,
I,200.5,-3.3,0,0.0,0.0,0,1,1,
I,200.2,-3.3,0,0.0,0.0,0,1,1,
I,200.2,-3.3,0,0.0,0.0,0,1,1,
I,200.6,-3.3,0,0.0,0.0,0,1,1,
I,201.4,-3.2,0,0.0,0.0,0,1,1,
I,202.5,-3.2,0,0.0,0.0,0,1,1,
I,203.1,-3.1,0,0.0,0.0,0,1,1,
I,-0.2,0.0,0,0.0,0.0,0,1,0,
I,-1.6,0.0,0,0.0,0.0,0,1,0,
I,-8.3,-0.1,0,0.0,0.0,0,1,0,
I,-7.3,-0.1,0,0.0,0.0,0,1,0,
I,-7.4,-0.1,0,0.0,0.0,0,1,0,
I,-7.8,-0.1,0,0.0,0.0,0,1,0,
I,-7.1,-0.1,0,0.0,0.0,0,1,0,
I,-4.6,0.0,0,0.0,0.0,0,1,0,
I,-0.5,0.1,0,0.0,0.0,0,1,0,
I,4.8,0.2,0,0.0,0.0,0,1,0,
I,10.4,0.2,0,0.0,0.0,0,1,0,
I,16.1,0.4,0,0.0,0.0,0,1,0,
I,19.0,0.6,0,0.0,0.0,0,1,0,
I,18.6,0.6,0,0.0,0.0,0,1,0,
I,17.0,0.5,0,0.0,0.0,0,1,0,
I,17.1,0.5,0,0.0,0.0,0,1,0,
I,17.8,0.6,0,0.0,0.0,0,1,0,
I,18.7,0.6,0,0.0,0.0,0,1,0,
I,20.7,0.7,0,0.0,0.0,0,1,0,
I,20.6,0.7,0,0.0,0.0,0,1,0,
I,20.0,0.7,0,0.0,0.0,0,1,0,
I,21.5,0.7,0,0.0,0.0,0,1,0,
I,39.9,0.9,0,0.0,0.0,0,1,0,
I,66.1,1.8,0,0.0,0.0,0,1,0,
I,90.2,3.2,0,0.0,0.0,0,1,0,
I,109.8,4.9,0,0.0,0.0,0,1,0,
I,118.6,5.7,0,0.0,0.0,0,1,0,
I,120.1,5.8,0,0.0,0.0,0,1,0,
I,121.9,5.8,0,0.0,0.0,0,1,0,
I,123.1,5.8,0,0.0,0.0,0,1,0,
I,124.8,5.7,0,0.0,0.0,0,1,0,
I,126.6,5.7,0,0.0,0.0,0,1,0,
I,127.6,5.7,0,0.0,0.0,0,1,0,
I,127.5,5.7,0,0.0,0.0,0,1,0,
I,126.1,5.7,0,0.0,0.0,0,1,0,
I,124.1,5.7,0,0.0,0.0,0,1,0,
I,123.1,5.8,0,0.0,0.0,0,1,0,
I,123.3,5.8,0,0.0,0.0,0,1,0,
I,123.5,5.8,0,0.0,0.0,0,1,0,
I,123.5,5.8,1,123.6,182.7,0,1,0,
I,123.2,5.8,1,123.3,182.7,0,1,0,
I,122.7,5.8,1,122.9,182.7,0,1,0,
I,122.2,5.8,1,122.3,182.7,0,1,0,
I,121.6,5.8,1,121.8,182.7,0,1,0,
I,121.2,5.8,1,121.4,182.8,0,1,0,
I,121.0,5.9,1,121.2,182.8,0,1,0,
I,120.7,5.9,1,120.9,182.8,0,1,0,
I,120.6,5.9,1,120.7,182.8,0,1,0,
I,120.4,5.9,1,120.5,182.8,0,1,0,
I,120.3,5.9,1,120.4,182.8,0,1,0,
I,120.3,5.9,1,120.5,182.8,0,1,0,
I,120.4,5.9,1,120.5,182.8,0,1,0,
I,120.4,5.9,1,120.6,182.8,0,1,0,
I,120.5,5.9,1,120.7,182.8,0,1,0,
I,120.6,5.9,1,120.7,182.8,0,1,0,
I,120.5,5.9,1,120.7,182.8,0,1,0,
I,120.5,5.9,1,120.6,182.8,0,1,0,
I,120.6,5.9,1,120.8,182.8,0,1,0,
I,120.6,5.9,1,120.8,182.8,0,1,0,
I,120.6,5.9,1,120.8,182.8,0,1,0,
I,120.7,5.9,1,120.8,182.8,0,1,0,
I,120.7,5.9,1,120.8,182.8,0,1,0,
I,120.6,5.9,1,120.7,182.8,0,1,0,
I,120.5,5.9,1,120.7,182.8,0,1,0,
I,120.5,5.9,1,120.7,182.8,0,1,0,
I,120.5,5.9,1,120.7,182.8,0,1,0,
I,120.5,5.9,1,120.7,182.8,0,1,0,
I,120.5,5.9,1,120.6,182.8,0,1,0,
I,120.4,5.9,1,120.5,182.8,0,1,0,
I,120.3,5.9,1,120.4,182.8,0,1,0,
I,120.3,5.9,1,120.4,182.8,0,1,0,
I,120.2,5.9,1,120.3,182.8,0,1,0,
I,120.0,5.9,1,120.2,182.8,0,1,0,
I,119.9,5.9,1,120.1,182.8,0,1,0,
I,119.9,5.9,1,120.1,182.8,0,1,0,
I,120.0,5.9,1,120.2,182.8,0,1,0,
I,120.1,5.9,1,120.3,182.8,0,1,0,
I,120.3,5.9,1,120.4,182.8,0,1,0,
I,120.4,5.9,1,120.5,182.8,0,1,0,
I,120.5,5.9,1,120.6,182.8,0,1,0,
I,120.8,5.9,1,120.9,182.8,0,1,0,
I,120.8,5.9,1,121.0,182.8,0,1,0,
I,120.7,5.9,1,120.8,182.8,0,1,0,
I,120.8,5.9,1,121.0,182.8,0,1,0,
I,120.9,5.9,1,121.0,182.8,0,1,0,
I,121.5,5.8,1,121.6,182.7,0,1,0,
I,122.8,5.7,1,122.9,182.7,0,1,0,
I,123.8,5.6,1,123.9,182.6,0,1,0,
I,124.8,5.4,1,124.9,182.5,0,1,0,
I,125.9,5.2,1,126.0,182.4,0,1,0,
I,127.8,4.9,1,127.8,182.2,0,1,0,
I,128.8,4.7,1,128.9,182.1,0,1,0,
I,128.0,4.8,1,128.1,182.2,0,1,0,
I,127.2,5.0,1,127.3,182.2,0,1,0,
I,126.1,5.1,1,126.2,182.3,0,1,0,
I,121.4,5.6,1,121.6,182.6,0,1,0,
I,119.8,5.7,1,119.9,182.7,0,1,0,
I,120.7,5.6,1,120.8,182.7,0,1,0,
I,123.3,5.5,1,123.5,182.6,0,1,0,
I,126.9,5.3,1,127.0,182.4,0,1,0,
I,130.5,5.1,1,130.6,182.2,0,1,0,
I,133.0,4.9,1,133.1,182.1,0,1,0,
I,133.2,4.9,1,133.3,182.1,0,1,0,
I,129.8,5.0,1,129.9,182.2,0,1,0,
I,126.7,5.1,1,126.8,182.3,0,1,0,
I,124.7,5.2,1,124.8,182.4,0,1,0,
I,123.8,5.2,1,123.9,182.4,0,1,0,
I,125.3,5.1,1,125.5,182.3,0,1,0,
I,129.1,5.0,1,129.2,182.2,0,1,0,
I,133.8,4.6,1,133.9,182.0,0,1,0,
I,136.7,4.2,1,136.8,181.8,0,1,0,
I,136.5,4.2,1,136.5,181.8,0,1,0,
I,133.2,4.9,1,133.3,182.1,0,1,0,
I,128.4,5.9,1,128.5,182.6,0,1,0,
I,123.5,6.9,1,123.7,183.2,0,1,0,
I,119.0,7.9,1,119.2,183.8,0,1,0,
I,116.6,8.5,1,116.9,184.2,0,1,0,
I,115.4,8.8,1,115.8,184.3,0,1,0,
I,116.0,8.6,1,116.3,184.3,0,1,0,
I,116.0,8.6,1,116.3,184.3,0,1,0,
I,115.7,8.7,1,116.0,184.3,0,1,0,
I,115.7,8.7,1,116.0,184.3,0,1,0,
I,115.8,8.7,1,116.1,184.3,0,1,0,
I,115.9,8.7,1,116.2,184.3,0,1,0,
I,111.7,9.7,1,112.1,184.9,0,1,0,
I,112.9,9.3,1,113.3,184.7,0,1,0,
I,115.4,8.6,1,115.7,184.3,0,1,0,
I,117.6,7.9,1,117.8,183.8,0,1,0,
I,119.2,7.3,1,119.4,183.5,0,1,0,
I,121.1,6.6,1,121.3,183.1,0,1,0,
I,122.8,6.0,1,122.9,182.8,0,1,0,
I,122.5,6.1,1,122.6,182.9,0,1,0,
I,121.0,6.5,1,121.1,183.1,0,1,0,
I,119.6,6.8,1,119.8,183.3,0,1,0,
I,119.3,6.9,1,119.5,183.3,0,1,0,
I,120.3,6.6,1,120.5,183.2,0,1,0,
I,122.3,6.2,1,122.5,182.9,0,1,0,
I,125.7,5.6,1,125.8,182.6,0,1,0,
I,130.3,4.7,1,130.4,182.1,0,1,0,
I,134.7,3.8,1,134.7,181.6,0,1,0,
I,135.9,3.5,1,136.0,181.5,0,1,0,
I,135.5,3.6,1,135.6,181.5,0,1,0,
I,135.2,3.7,1,135.2,181.6,0,1,0,
I,135.1,3.7,1,135.2,181.6,0,1,0,
I,135.0,3.7,1,135.0,181.6,0,1,0,
I,136.2,3.5,1,136.2,181.5,0,1,0,
I,138.9,3.0,1,138.9,181.2,0,1,0,
I,142.5,2.3,1,142.5,180.9,0,1,0,
I,146.2,1.4,1,146.2,180.5,0,1,0,
I,147.8,1.0,1,147.8,180.4,0,1,0,
I,145.5,1.6,1,145.5,180.6,0,1,0,
I,139.4,3.1,1,139.5,181.3,0,1,0,
I,136.6,3.6,1,136.7,181.5,0,1,0,
I,133.8,4.1,1,133.8,181.7,0,1,0,
I,133.7,4.1,1,133.8,181.7,0,1,0,
I,137.1,3.5,1,137.1,181.5,0,1,0,
I,142.1,2.5,1,142.2,181.0,0,1,0,
I,146.8,1.5,1,146.8,180.6,0,1,0,
I,147.5,1.3,1,147.5,180.5,0,1,0,
I,143.1,2.6,1,143.2,181.0,0,1,0,
I,143.1,2.6,1,143.1,181.0,0,1,0,
I,143.1,2.6,1,143.1,181.0,0,1,0,
I,143.1,2.6,1,143.1,181.0,0,1,0,
I,143.1,2.6,1,143.1,181.0,0,1,0,
I,144.2,2.3,1,144.2,180.9,0,1,0,
I,146.9,1.7,1,146.9,180.7,0,1,0,
I,150.0,0.9,1,150.0,180.3,0,1,0,
I,152.6,0.1,1,152.6,180.0,0,1,0,
I,154.8,-0.6,1,154.8,179.8,0,1,0,
I,155.8,-1.0,1,155.8,179.6,0,1,0,
I,155.6,-0.9,1,155.6,179.7,0,1,0,
I,155.0,-0.7,1,155.0,179.7,0,1,0,
I,154.6,-0.6,1,154.6,179.8,0,1,0,
I,153.7,-0.3,1,153.7,179.9,0,1,0,
I,151.4,0.5,1,151.4,180.2,0,1,0,
I,147.4,1.5,1,147.4,180.6,0,1,0,
I,143.4,2.5,1,143.5,181.0,0,1,0,
I,140.8,3.1,1,140.8,181.3,0,1,0,
I,139.5,3.4,1,139.5,181.4,0,1,0,
I,139.1,3.5,1,139.2,181.4,0,1,0,
I,139.5,3.4,1,139.6,181.4,0,1,0,
I,141.0,3.1,1,141.0,181.3,0,1,0,
I,144.2,2.5,1,144.3,181.0,0,1,0,
I,147.3,1.8,1,147.3,180.7,0,1,0,
I,148.1,1.7,1,148.1,180.6,0,1,0,
I,148.3,1.6,1,148.3,180.6,0,1,0,
I,147.9,1.7,1,147.9,180.7,0,1,0,
I,146.4,2.1,1,146.4,180.8,0,1,0,
I,143.5,2.7,1,143.5,181.1,0,1,0,
I,140.2,3.4,1,140.3,181.4,0,1,0,
I,137.8,3.8,1,137.9,181.6,0,1,0,
I,136.6,3.9,1,136.7,181.6,0,1,0,
I,136.0,3.9,1,136.0,181.7,0,1,0,
I,136.3,3.9,1,136.4,181.6,0,1,0,
I,138.2,3.7,1,138.2,181.6,0,1,0,
I,142.5,3.3,1,142.6,181.3,0,1,0,
I,146.1,2.9,1,146.1,181.1,0,1,0,
I,146.9,2.7,1,146.9,181.1,0,1,0,
I,146.0,2.9,1,146.0,181.1,0,1,0,
I,144.6,3.2,1,144.6,181.2,0,1,0,
I,142.8,3.4,1,142.8,181.4,0,1,0,
I,141.4,3.6,1,141.4,181.5,0,1,0,
I,141.1,3.6,1,141.1,181.5,0,1,0,
I,142.4,3.5,1,142.5,181.4,0,1,0,
I,146.4,2.8,1,146.4,181.1,0,1,0,
I,147.8,2.5,1,147.8,181.0,0,1,0,
I,148.6,2.3,1,148.6,180.9,0,1,0,
I,148.8,2.3,1,148.8,180.9,0,1,0,
I,148.8,2.3,1,148.8,180.9,0,1,0,
I,148.8,2.3,1,148.8,180.9,0,1,0,
I,148.8,2.3,1,148.8,180.9,0,1,0,
I,148.8,2.3,1,148.8,180.9,0,1,0,
I,148.8,2.3,1,148.8,180.9,0,1,0,
I,148.8,2.3,1,148.8,180.9,0,1,0,
I,148.8,2.3,1,148.8,180.9,0,1,0,
I,148.8,2.3,1,148.8,180.9,0,1,0,
I,148.8,2.3,1,148.8,180.9,0,1,0,
I,148.8,2.3,1,148.8,180.9,0,1,0,
I,148.8,2.3,1,148.8,180.9,0,1,0,
I,148.8,2.3,1,148.8,180.9,0,1,0,
I,148.8,2.3,1,148.8,180.9,0,1,0,
I,148.8,2.3,1,148.8,180.9,0,1,0,
I,148.8,2.3,1,148.8,180.9,0,1,0,
I,148.8,2.3,1,148.8,180.9,0,1,0,
I,148.8,2.3,1,148.8,180.9,0,1,0,
I,148.8,2.3,1,148.8,180.9,0,1,0,
I,148.8,2.3,1,148.8,180.9,0,1,0,
I,148.8,2.3,1,148.8,180.9,0,1,0,
I,148.8,2.3,1,148.8,180.9,0,1,0,
I,148.8,2.3,1,148.8,180.9,0,1,0,
I,148.8,2.3,1,148.8,180.9,0,1,0,
I,148.8,2.3,1,148.8,180.9,0,1,0,
I,148.8,2.3,1,148.8,180.9,0,1,0,
I,148.8,2.3,1,148.8,180.9,0,1,0,
I,148.8,2.3,1,148.8,180.9,0,1,0,
I,148.8,2.3,1,148.8,180.9,0,1,0,
I,148.8,2.3,1,148.8,180.9,0,1,0,
I,148.7,2.3,1,148.7,180.9,0,1,0,
I,148.0,2.3,1,148.0,180.9,0,1,0,
I,146.9,2.3,1,146.9,180.9,0,1,0,
I,146.1,2.3,1,146.1,180.9,0,1,0,
I,145.4,2.3,1,145.4,180.9,0,1,0,
I,145.0,2.4,1,145.0,180.9,0,1,0,
I,144.9,2.4,1,144.9,180.9,0,1,0,
I,144.6,2.4,1,144.6,180.9,0,1,0,
I,144.2,2.4,1,144.2,181.0,0,1,0,
I,144.0,2.4,1,144.0,181.0,0,1,0,
I,143.7,2.5,1,143.8,181.0,0,1,0,
I,143.7,2.5,1,143.7,181.0,0,1,0,
I,143.6,2.5,1,143.6,181.0,0,1,0,
I,143.4,2.5,1,143.4,181.0,0,1,0,
I,142.9,2.5,1,143.0,181.0,0,1,0,
I,142.3,2.5,1,142.3,181.0,0,1,0,
I,141.8,2.5,1,141.9,181.0,0,1,0,
I,141.5,2.5,1,141.5,181.0,0,1,0,
I,141.0,2.6,1,141.0,181.0,0,1,0,
I,140.0,2.6,1,140.0,181.1,0,1,0,
I,139.4,2.6,1,139.5,181.1,0,1,0,
I,139.3,2.6,1,139.3,181.1,0,1,0,
I,139.3,2.6,1,139.3,181.1,0,1,0,
I,139.3,2.6,1,139.3,181.1,0,1,0,
I,139.4,2.6,1,139.4,181.1,0,1,0,
I,139.9,2.6,1,139.9,181.1,0,1,0,
