acc_x,acc_y,acc_z,gyro_x,gyro_y,gyro_z,kf_roll,kf_pitch,Xk0,Xk1,Pk0,Pk1,Q0,R0
227,-42,-4123,40,-3,0,4.175,-3.174,0.01003,-0.05365,0.024393,0.024395,1e-05,0.05
222,-33,-4121,39,0,-1,4.143,-3.177,0.009478,-0.053705,0.016399,0.0164,1e-05,0.05
283,-53,-4124,-571,-35,55,4.152,-2.452,0.009634,-0.041047,0.001374,0.001384,1e-05,0.05
183,81,-3762,-388,-6,92,2.258,-2.775,-0.023419,-0.046686,0.001156,0.001175,1e-05,0.05
223,-17,-4075,-173,44,-97,1.904,-2.876,-0.0296,-0.048443,0.001019,0.001042,1e-05,0.05
244,-55,-3891,-63,10,-150,2.032,-3.006,-0.027369,-0.050723,0.000928,0.000989,1e-05,0.05
265,132,-4042,-128,19,-61,1.795,-3.194,-0.031495,-0.054004,0.000866,0.000931,1e-05,0.05
178,212,-4108,4,-25,24,1.511,-3.11,-0.036461,-0.05253,0.000822,0.000869,1e-05,0.05
231,86,-4148,-97,15,-66,1.357,-3.098,-0.039154,-0.05232,0.000791,0.000828,1e-05,0.05
229,267,-4145,-71,-8,-61,1.076,-3.142,-0.044049,-0.053085,0.000768,0.000803,1e-05,0.05
236,186,-4085,-25,10,-78,0.971,-3.209,-0.045886,-0.054262,0.000751,0.000786,1e-05,0.05
232,193,-4093,11,6,-80,0.963,-3.239,-0.046025,-0.054778,0.00074,0.000777,1e-05,0.05
220,169,-4100,23,7,-72,1.016,-3.255,-0.045097,-0.055072,0.00073,0.000768,1e-05,0.05
214,189,-4110,7,3,-36,1.076,-3.227,-0.044057,-0.054581,0.000723,0.000755,1e-05,0.05
236,170,-4116,-7,0,0,1.085,-3.256,-0.043904,-0.055081,0.000718,0.000743,1e-05,0.05
188,143,-4118,-9,-4,45,1.134,-3.205,-0.043043,-0.054186,0.000714,0.000734,1e-05,0.05
234,145,-4116,-42,-9,71,1.129,-3.163,-0.043134,-0.053458,0.000711,0.000733,1e-05,0.05
223,166,-4110,-55,-5,74,1.02,-3.161,-0.045024,-0.053419,0.000709,0.000735,1e-05,0.05
249,188,-4112,-39,-4,11,0.919,-3.181,-0.046789,-0.053772,0.000707,0.00073,1e-05,0.05
255,202,-4116,-54,-2,-50,0.815,-3.248,-0.048615,-0.054945,0.000706,0.000725,1e-05,0.05
224,187,-4101,-79,-1,-37,0.686,-3.264,-0.050855,-0.055222,0.000705,0.000723,1e-05,0.05
223,192,-4094,-95,-2,-26,0.567,-3.253,-0.052944,-0.055039,0.000704,0.00072,1e-05,0.05
245,229,-4169,-161,-1,-19,0.242,-3.273,-0.058608,-0.055376,0.000704,0.000716,1e-05,0.05
230,245,-4098,-157,-5,-49,-0.152,-3.236,-0.065481,-0.05474,0.000703,0.000714,1e-05,0.05
279,251,-4039,-78,11,-151,-0.352,-3.345,-0.06898,-0.056632,0.000703,0.000733,1e-05,0.05
215,306,-4104,-123,4,-188,-0.567,-3.41,-0.072726,-0.057771,0.000703,0.000762,1e-05,0.05
230,277,-4131,-58,-14,-235,-0.799,-3.459,-0.076786,-0.058624,0.000703,0.000795,1e-05,0.05
242,174,-4259,-100,-14,-203,-0.736,-3.544,-0.075677,-0.060116,0.000703,0.000824,1e-05,0.05
159,405,-4034,-92,3,-172,-1.008,-3.541,-0.080417,-0.06006,0.000702,0.000838,1e-05,0.05
260,291,-4023,23,89,-134,-1.084,-3.567,-0.081755,-0.060518,0.000702,0.00084,1e-05,0.05
278,284,-4208,-195,1,-123,-1.126,-3.661,-0.082483,-0.062153,0.000702,0.000835,1e-05,0.05
272,320,-4071,41,-37,-62,-1.107,-3.598,-0.082145,-0.061049,0.000702,0.000814,1e-05,0.05
169,392,-4045,-227,-8,-106,-1.332,-3.558,-0.086079,-0.060354,0.000702,0.0008,1e-05,0.05
329,497,-3961,46,-39,-221,-1.762,-3.552,-0.093582,-0.060242,0.000702,0.000807,1e-05,0.05
184,278,-4266,-81,79,-286,-1.549,-3.779,-0.089871,-0.064209,0.000702,0.000845,1e-05,0.05
91,559,-3689,-126,60,-323,-1.984,-3.81,-0.097456,-0.064757,0.000702,0.000889,1e-05,0.05
219,282,-4096,362,48,-244,-1.602,-3.91,-0.0908,-0.066501,0.000702,0.000925,1e-05,0.05
198,386,-4234,-255,-3,-224,-1.376,-3.993,-0.086844,-0.067953,0.000702,0.000932,1e-05,0.05
156,672,-3918,208,0,-92,-1.877,-3.864,-0.095587,-0.065687,0.000702,0.000906,1e-05,0.05
192,-104,-4352,44,38,18,-1.236,-3.818,-0.084396,-0.064899,0.000702,0.000856,1e-05,0.05
200,554,-4032,-192,38,85,-1.239,-3.689,-0.08446,-0.062645,0.000702,0.000823,1e-05,0.05
325,824,-3792,472,-2,27,-1.248,-3.655,-0.084619,-0.062049,0.000702,0.000796,1e-05,0.05
284,123,-4514,-233,-85,-110,-0.907,-3.796,-0.07866,-0.064513,0.000702,0.000779,1e-05,0.05
252,777,-3931,226,-45,-132,-1.637,-3.71,-0.091405,-0.063,0.000702,0.000782,1e-05,0.05
257,-131,-4420,-7,10,-118,-1.011,-3.754,-0.080485,-0.063772,0.000702,0.000785,1e-05,0.05
246,201,-4460,-244,-9,-20,-1.068,-3.7,-0.081468,-0.062835,0.000702,0.00077,1e-05,0.05
132,773,-3678,478,26,-53,-0.963,-3.516,-0.079645,-0.059623,0.000702,0.000755,1e-05,0.05
325,55,-4504,-294,-15,-8,-0.733,-3.585,-0.075625,-0.060833,0.000702,0.000752,1e-05,0.05
246,715,-3926,285,-56,-10,-1.278,-3.611,-0.085138,-0.061273,0.000702,0.000739,1e-05,0.05
144,223,-4104,2,10,-34,-0.67,-3.494,-0.074533,-0.059237,0.000702,0.000733,1e-05,0.05
308,358,-4325,-69,21,-28,-1.222,-3.528,-0.084157,-0.059832,0.000702,0.000727,1e-05,0.05
259,605,-3708,541,-12,-138,-1.108,-3.565,-0.082174,-0.060475,0.000702,0.000727,1e-05,0.05
181,40,-4537,-335,-3,-83,-0.734,-3.594,-0.075635,-0.060982,0.000702,0.000738,1e-05,0.05
283,898,-3529,613,52,-85,-0.983,-3.584,-0.079988,-0.060803,0.000702,0.000735,1e-05,0.05
252,-127,-4601,-579,15,-81,-0.527,-3.555,-0.072027,-0.060294,0.000702,0.000738,1e-05,0.05
213,1087,-3806,430,-111,-21,-1.367,-3.362,-0.086684,-0.05693,0.000702,0.000734,1e-05,0.05
300,-390,-4458,-222,92,-101,-0.41,-3.528,-0.069984,-0.059833,0.000702,0.000744,1e-05,0.05
129,893,-3663,350,-111,-17,-1.233,-3.272,-0.084355,-0.055354,0.000702,0.000734,1e-05,0.05
279,-392,-4140,40,227,-96,0.04,-3.326,-0.062136,-0.056311,0.000702,0.000735,1e-05,0.05
409,1372,-4315,487,-169,-157,-1.063,-3.447,-0.08138,-0.058416,0.000702,0.000753,1e-05,0.05
326,-1310,-4631,-414,541,-223,-0.651,-3.542,-0.074199,-0.060072,0.000702,0.000755,1e-05,0.05
255,2090,-3314,789,-197,-187,-1.801,-3.394,-0.094262,-0.057496,0.000702,0.000786,1e-05,0.05
273,-2103,-4590,-11,428,-241,0.242,-3.484,-0.058602,-0.059069,0.000702,0.000793,1e-05,0.05
180,3971,-3062,1179,-593,-238,-1.258,-3.51,-0.084789,-0.059516,0.000702,0.000825,1e-05,0.05
-16,-2506,-3621,-213,654,-293,2.494,-3.261,-0.0193,-0.055162,0.000702,0.000846,1e-05,0.05
194,3192,-3826,1122,-473,-205,1.246,-3.352,-0.04108,-0.056757,0.000702,0.000864,1e-05,0.05
144,-2190,-4906,-1227,218,-85,3.592,-3.362,-0.000146,-0.05694,0.000702,0.000828,1e-05,0.05
261,2824,-2651,564,-80,26,-0.128,-3.2,-0.065061,-0.054105,0.000702,0.000817,1e-05,0.05
217,-1530,-4138,-428,300,-128,1.929,-3.18,-0.029166,-0.053759,0.000702,0.000798,1e-05,0.05
108,707,-3843,656,-29,-48,1.112,-2.786,-0.043429,-0.046871,0.000702,0.000775,1e-05,0.05
229,-350,-4428,-224,-13,7,2.402,-2.821,-0.020915,-0.047492,0.000702,0.000761,1e-05,0.05
342,1862,-3393,24,-75,110,0.337,-2.888,-0.056944,-0.048655,0.000702,0.00075,1e-05,0.05
16,-1513,-4449,-489,227,10,0.108,-2.811,-0.060944,-0.047316,0.000702,0.000745,1e-05,0.05
315,608,-3780,174,0,59,0.473,-2.665,-0.054573,-0.044763,0.000702,0.000739,1e-05,0.05
117,-389,-4341,69,80,87,2.164,-2.896,-0.025064,-0.0488,0.000702,0.000741,1e-05,0.05
215,2054,-3681,123,-381,32,0.257,-2.809,-0.058349,-0.047274,0.000702,0.000736,1e-05,0.05
157,-1823,-4319,-434,292,-16,0.668,-2.907,-0.05117,-0.048983,0.000702,0.000741,1e-05,0.05
393,1682,-3369,465,-4,-55,0.055,-3.089,-0.061878,-0.052168,0.000702,0.000743,1e-05,0.05
30,-1837,-4913,-355,564,-26,1.233,-3.41,-0.041308,-0.057775,0.000702,0.000737,1e-05,0.05
382,3148,-2596,804,-601,-99,0.13,-3.137,-0.060562,-0.053003,0.000702,0.000747,1e-05,0.05
-214,-1645,-2957,102,432,-138,0.015,-3.143,-0.062578,-0.053102,0.000702,0.000757,1e-05,0.05
347,1949,-4526,996,-161,-150,1.092,-3.08,-0.043775,-0.052009,0.000702,0.000765,1e-05,0.05
392,-1078,-5759,-858,-28,-47,2.272,-3.2,-0.023177,-0.054114,0.000702,0.000751,1e-05,0.05
209,1201,-4413,87,-622,78,-0.327,-3.153,-0.068546,-0.053291,0.000702,0.000745,1e-05,0.05
14,-1233,-2936,17,213,-29,-0.109,-2.999,-0.06474,-0.05059,0.000702,0.000751,1e-05,0.05
405,1507,-4564,760,-144,-124,0.373,-3.08,-0.05632,-0.052008,0.000702,0.000752,1e-05,0.05
55,55,-2900,-72,77,-55,1.192,-3.298,-0.042027,-0.055816,0.000702,0.000749,1e-05,0.05
156,742,-4549,204,-428,7,-0.831,-3.073,-0.077336,-0.051888,0.000702,0.000737,1e-05,0.05
565,-1361,-5458,-101,240,-106,-0.714,-3.042,-0.075298,-0.051349,0.000702,0.000748,1e-05,0.05
256,469,-4318,558,-37,-80,0.464,-2.877,-0.054739,-0.04847,0.000702,0.000743,1e-05,0.05
123,-52,-3082,-201,260,-3,1.348,-3.032,-0.039299,-0.051177,0.000702,0.000736,1e-05,0.05
94,1118,-4254,349,-505,-45,-0.689,-3.033,-0.074855,-0.051198,0.000702,0.000738,1e-05,0.05
337,-1889,-5326,-287,351,-70,-0.751,-3.001,-0.075938,-0.050626,0.000702,0.000747,1e-05,0.05
142,972,-4473,557,0,-40,-0.137,-2.774,-0.065224,-0.046677,0.000702,0.000744,1e-05,0.05
220,-662,-3510,-746,178,-61,1.485,-3.15,-0.036919,-0.05324,0.000702,0.000739,1e-05,0.05
257,2588,-3560,538,-703,-128,-1.158,-3.146,-0.083041,-0.053156,0.000702,0.000751,1e-05,0.05
-1,-2749,-4825,356,278,-84,-0.372,-2.959,-0.069317,-0.049891,0.000702,0.000755,1e-05,0.05
326,1182,-5161,1053,25,-30,0.402,-2.926,-0.055823,-0.049315,0.000702,0.000744,1e-05,0.05
68,-648,-3339,-298,98,-27,1.835,-3.319,-0.0308,-0.056175,0.000702,0.000738,1e-05,0.05
79,2563,-3300,263,-568,21,-1.747,-3.08,-0.093323,-0.052011,0.000702,0.00074,1e-05,0.05
300,-2435,-5218,134,183,-119,0.054,-3.077,-0.061881,-0.051958,0.000702,0.00074,1e-05,0.05
601,766,-5374,561,55,-61,0.864,-2.574,-0.047756,-0.043183,0.000702,0.000739,1e-05,0.05
86,-137,-3600,-127,80,-33,1.633,-2.633,-0.034333,-0.044205,0.000702,0.000733,1e-05,0.05
251,1425,-3693,-69,-97,151,-0.097,-2.657,-0.064529,-0.044622,0.000702,0.00073,1e-05,0.05
342,-988,-4439,-371,133,4,0.513,-2.655,-0.053873,-0.044599,0.000702,0.000726,1e-05,0.05
378,339,-4195,257,-38,-16,0.724,-2.697,-0.050203,-0.045323,0.000702,0.000726,1e-05,0.05
171,-50,-4254,312,30,53,1.663,-2.795,-0.033809,-0.047037,0.000702,0.000723,1e-05,0.05
246,717,-3987,98,-85,117,1.219,-2.697,-0.041551,-0.045333,0.000702,0.000728,1e-05,0.05
184,-230,-3837,42,-21,133,1.671,-2.75,-0.033669,-0.046254,0.000702,0.000748,1e-05,0.05
113,-47,-4037,-416,23,215,1.302,-2.73,-0.040114,-0.045895,0.000702,0.000766,1e-05,0.05
141,102,-3779,400,38,311,1.371,-2.632,-0.038898,-0.044195,0.000702,0.000802,1e-05,0.05
235,-236,-4591,-467,-8,216,1.972,-2.694,-0.028418,-0.04528,0.000702,0.000834,1e-05,0.05
267,746,-3779,161,-75,239,1.19,-2.676,-0.042071,-0.044961,0.000702,0.000865,1e-05,0.05
199,-426,-4486,-165,25,110,1.397,-2.737,-0.038443,-0.046029,0.000702,0.000859,1e-05,0.05
342,477,-3893,-203,22,34,0.914,-2.828,-0.046883,-0.04762,0.000702,0.000824,1e-05,0.05
136,-269,-4162,327,15,19,1.458,-3.018,-0.037383,-0.050924,0.000702,0.000796,1e-05,0.05
270,446,-4048,-215,11,22,0.901,-2.979,-0.04711,-0.050255,0.000702,0.000771,1e-05,0.05
198,-216,-4074,327,27,13,0.912,-3.107,-0.046913,-0.052486,0.000702,0.000754,1e-05,0.05
260,94,-4203,-628,-27,38,0.876,-3.089,-0.047538,-0.052173,0.000702,0.000743,1e-05,0.05
183,155,-3873,263,46,3,0.53,-3.196,-0.053583,-0.054034,0.000702,0.000733,1e-05,0.05
238,-75,-4319,-424,30,0,0.746,-3.198,-0.049809,-0.054068,0.000702,0.000727,1e-05,0.05
295,666,-4012,-9,-87,5,-0.014,-3.23,-0.063073,-0.054628,0.000702,0.000721,1e-05,0.05
288,-309,-4562,-145,7,-18,0.174,-3.279,-0.059793,-0.055491,0.000702,0.000717,1e-05,0.05
238,941,-3749,-242,25,-135,-0.736,-3.394,-0.075677,-0.057483,0.000702,0.000728,1e-05,0.05
215,-459,-4342,134,-68,-74,-0.561,-3.302,-0.07262,-0.055877,0.000702,0.000734,1e-05,0.05
355,870,-4100,-416,17,-63,-0.789,-3.427,-0.076595,-0.058069,0.000702,0.000735,1e-05,0.05
389,1071,-3490,561,88,-69,-1.078,-3.651,-0.081648,-0.061972,0.000702,0.000733,1e-05,0.05
121,-354,-4398,-685,-24,-122,-0.731,-3.661,-0.075589,-0.062147,0.000702,0.000739,1e-05,0.05
264,1156,-3522,500,99,-106,-1.384,-3.712,-0.086993,-0.063035,0.000702,0.000758,1e-05,0.05
302,-303,-4632,-384,1,-81,-0.771,-3.682,-0.076287,-0.062515,0.000702,0.000763,1e-05,0.05
251,660,-4136,352,-68,95,-1.369,-3.344,-0.086721,-0.056616,0.000702,0.00075,1e-05,0.05
300,39,-4030,-196,271,18,-0.215,-3.218,-0.06659,-0.054414,0.000702,0.000744,1e-05,0.05
221,1125,-4331,451,-388,-17,-1.548,-3.109,-0.089841,-0.052521,0.000702,0.000735,1e-05,0.05
373,-1198,-4681,-165,317,25,-0.673,-3.294,-0.074569,-0.055739,0.000702,0.000755,1e-05,0.05
285,1339,-4154,943,-323,34,-1.381,-3.202,-0.086929,-0.054132,0.000702,0.00075,1e-05,0.05
377,-930,-4408,-308,410,13,-0.232,-3.357,-0.066883,-0.056851,0.000702,0.000749,1e-05,0.05
331,2761,-3359,853,-600,-161,-2.452,-3.195,-0.105624,-0.054022,0.000702,0.00076,1e-05,0.05
142,-2393,-4696,575,212,-242,-0.476,-3.106,-0.071142,-0.052466,0.000702,0.000775,1e-05,0.05
202,1404,-4682,948,26,-220,-0.366,-3.152,-0.06922,-0.053263,0.000702,0.000795,1e-05,0.05
314,-467,-3728,-284,45,-173,0.544,-3.511,-0.05333,-0.059539,0.000702,0.000815,1e-05,0.05
122,1960,-3529,352,-485,-129,-2.123,-3.338,-0.099887,-0.056511,0.000702,0.000827,1e-05,0.05
289,-1973,-5174,116,357,-149,-0.598,-3.022,-0.073277,-0.05099,0.000702,0.000819,1e-05,0.05
227,1014,-4506,694,61,-53,-0.395,-3.112,-0.069734,-0.05257,0.000702,0.000798,1e-05,0.05
188,-294,-3541,154,175,11,0.905,-3.178,-0.04704,-0.053721,0.000702,0.000783,1e-05,0.05
166,1436,-4059,238,-315,8,-0.558,-3.103,-0.07257,-0.05241,0.000702,0.000765,1e-05,0.05
279,-1414,-4578,-314,312,-29,-0.173,-3.274,-0.065848,-0.055399,0.000702,0.00076,1e-05,0.05
302,1202,-3736,833,-291,-10,-0.335,-2.974,-0.068675,-0.050154,0.000702,0.000748,1e-05,0.05
235,-1067,-3979,164,332,53,1.189,-3.177,-0.042075,-0.053707,0.000702,0.000739,1e-05,0.05
261,2559,-3344,713,-460,-88,-0.739,-2.995,-0.075734,-0.05052,0.000702,0.000742,1e-05,0.05
231,-2382,-4988,-193,382,-181,1.791,-3.046,-0.031564,-0.051415,0.000702,0.000751,1e-05,0.05
377,2468,-3688,1125,-468,-231,0.504,-3.216,-0.054035,-0.054393,0.000702,0.000777,1e-05,0.05
64,-2331,-4897,-988,375,-1,3.446,-3.137,-0.002681,-0.053001,0.000702,0.000758,1e-05,0.05
327,2836,-2597,914,13,173,1.246,-2.961,-0.041083,-0.049928,0.000702,0.000759,1e-05,0.05
-48,-1664,-4581,-888,457,-32,1.227,-2.935,-0.041417,-0.049481,0.000702,0.000756,1e-05,0.05
272,1089,-3216,1334,17,121,1.274,-2.768,-0.040588,-0.04656,0.000702,0.00076,1e-05,0.05
119,-1320,-4925,-937,-27,50,3.136,-2.978,-0.008092,-0.050233,0.000702,0.000768,1e-05,0.05
283,1925,-3203,431,81,283,0.893,-2.794,-0.047238,-0.047026,0.000702,0.000775,1e-05,0.05
151,-1397,-3888,-659,437,-78,0.887,-2.565,-0.047358,-0.04303,0.000702,0.000762,1e-05,0.05
239,346,-3654,642,31,92,1.537,-2.779,-0.036008,-0.04675,0.000702,0.000757,1e-05,0.05
178,-782,-5035,-113,106,138,3.666,-2.781,0.001144,-0.04679,0.000702,0.000774,1e-05,0.05
421,1805,-3445,38,-408,147,1.731,-2.637,-0.032615,-0.04428,0.000702,0.000783,1e-05,0.05
-61,-1333,-4012,-689,343,-49,1.115,-2.857,-0.043378,-0.048111,0.000702,0.000772,1e-05,0.05
355,627,-3855,375,-18,-81,1.065,-2.822,-0.044252,-0.047514,0.000702,0.00077,1e-05,0.05
265,-1125,-4708,40,291,11,2.849,-3.256,-0.0131,-0.055082,0.000702,0.000758,1e-05,0.05
350,2160,-3379,53,-548,145,1.371,-3.102,-0.038897,-0.052399,0.000702,0.000754,1e-05,0.05
119,-664,-4159,-627,57,89,0.678,-2.637,-0.051,-0.04427,0.000702,0.000768,1e-05,0.05
245,123,-4228,209,13,168,0.634,-2.862,-0.051774,-0.048208,0.000702,0.00076,1e-05,0.05
-166,-1487,-4378,-329,663,85,2.651,-3.014,-0.016572,-0.05086,0.000702,0.000751,1e-05,0.05
362,983,-4864,321,-562,-93,1.16,-2.818,-0.042589,-0.047438,0.000702,0.000746,1e-05,0.05
270,-2050,-5054,-329,334,-74,0.113,-2.888,-0.060863,-0.048659,0.000702,0.000742,1e-05,0.05
113,405,-4240,784,-144,-6,1.258,-2.641,-0.040879,-0.044345,0.000702,0.000733,1e-05,0.05
232,-525,-3548,-458,394,6,2.865,-3.107,-0.01282,-0.052488,0.000702,0.000731,1e-05,0.05
255,2310,-4141,362,-578,23,-0.556,-2.933,-0.072529,-0.04944,0.000702,0.000726,1e-05,0.05
183,-2753,-5249,141,297,-74,0.165,-3.061,-0.05995,-0.051684,0.000702,0.000732,1e-05,0.05
132,415,-4861,460,70,-22,1.349,-3.154,-0.039293,-0.053298,0.000702,0.00073,1e-05,0.05
250,149,-3291,-298,141,-53,1.743,-3.342,-0.03241,-0.056587,0.000702,0.000725,1e-05,0.05
332,1178,-4032,-489,-216,121,-0.155,-3.31,-0.065542,-0.056031,0.000702,0.000723,1e-05,0.05
211,-342,-4636,-385,-193,0,-0.375,-3.138,-0.069385,-0.05303,0.000702,0.000718,1e-05,0.05
278,237,-3761,39,29,-57,0.395,-3.212,-0.05594,-0.054323,0.000702,0.000716,1e-05,0.05
227,182,-4293,-143,19,-123,0.516,-3.567,-0.05383,-0.060517,0.000702,0.000731,1e-05,0.05
206,542,-3847,-41,-61,4,-0.278,-3.467,-0.067692,-0.058769,0.000702,0.000728,1e-05,0.05
178,167,-4113,-180,-74,-29,-0.659,-3.476,-0.074341,-0.058915,0.000702,0.000723,1e-05,0.05
121,213,-3981,-143,-49,58,-1.006,-3.339,-0.080382,-0.05653,0.000702,0.000721,1e-05,0.05
286,313,-3940,31,59,-67,-0.822,-3.549,-0.077183,-0.060193,0.000702,0.000718,1e-05,0.05
177,335,-4069,-360,15,-130,-1.39,-3.558,-0.087092,-0.060356,0.000702,0.000735,1e-05,0.05
420,634,-4134,448,17,-161,-1.829,-3.524,-0.094746,-0.059765,0.000702,0.000755,1e-05,0.05
193,-45,-4424,-307,28,-184,-1.026,-3.636,-0.080744,-0.06172,0.000702,0.000785,1e-05,0.05
227,842,-3732,264,-24,-152,-1.762,-3.499,-0.093591,-0.059317,0.000702,0.000801,1e-05,0.05
301,6,-4122,93,-48,-168,-1.067,-3.589,-0.081453,-0.060893,0.000702,0.000806,1e-05,0.05
187,596,-4367,-281,13,-181,-1.561,-3.648,-0.090077,-0.061927,0.000702,0.000822,1e-05,0.05
173,148,-3807,300,-118,-10,-1.488,-3.467,-0.088802,-0.058773,0.000702,0.0008,1e-05,0.05
340,454,-4288,-544,-34,-89,-1.701,-3.701,-0.092528,-0.062854,0.000702,0.000777,1e-05,0.05
268,568,-3853,631,32,-226,-1.863,-3.745,-0.09535,-0.063616,0.000702,0.000785,1e-05,0.05
123,146,-4108,-396,33,-255,-1.373,-3.832,-0.086804,-0.065137,0.000702,0.000822,1e-05,0.05
138,813,-3500,602,65,-249,-1.586,-3.694,-0.090507,-0.062724,0.000702,0.00087,1e-05,0.05
214,-160,-4444,-372,157,-294,-0.93,-3.787,-0.079063,-0.064356,0.000702,0.000907,1e-05,0.05
210,1207,-3893,407,-73,-184,-1.623,-3.839,-0.091165,-0.065256,0.000702,0.00092,1e-05,0.05
107,-781,-4429,-141,271,-109,-0.468,-3.725,-0.071001,-0.063276,0.000702,0.000892,1e-05,0.05
230,1746,-3348,275,-70,42,-1.069,-3.564,-0.081498,-0.06045,0.000702,0.000859,1e-05,0.05
160,-1261,-4722,-93,177,159,-0.586,-3.511,-0.073059,-0.05953,0.000702,0.000849,1e-05,0.05
330,2426,-2994,566,-234,41,-1.935,-3.351,-0.09661,-0.056739,0.000702,0.000813,1e-05,0.05
-99,-1768,-4327,-140,423,14,-1.078,-3.472,-0.081654,-0.058846,0.000702,0.000809,1e-05,0.05
319,3245,-2680,1202,-678,-51,-1.45,-2.88,-0.088147,-0.048517,0.000702,0.00079,1e-05,0.05
-178,-1703,-3268,307,436,50,-0.817,-2.834,-0.077084,-0.047722,0.000702,0.000778,1e-05,0.05
351,2721,-3629,1328,-543,52,-0.03,-2.407,-0.06336,-0.040265,0.000702,0.000777,1e-05,0.05
393,-1357,-5936,-1215,160,92,1.014,-2.806,-0.045127,-0.047226,0.000702,0.000803,1e-05,0.05
129,1376,-2811,1162,154,245,-1.329,-2.66,-0.08603,-0.044689,0.000702,0.000791,1e-05,0.05
169,-430,-3176,-59,-80,-46,-0.433,-2.511,-0.070395,-0.042081,0.000702,0.000778,1e-05,0.05
49,798,-3837,970,-81,-68,0.106,-2.668,-0.060986,-0.04482,0.000702,0.000766,1e-05,0.05
153,-53,-3545,37,60,-109,1.761,-2.71,-0.032096,-0.045546,0.000702,0.000755,1e-05,0.05
193,1255,-4344,192,-224,64,0.137,-2.657,-0.060438,-0.044631,0.000702,0.000754,1e-05,0.05
426,-1113,-4721,-375,252,52,0.572,-2.566,-0.052845,-0.043032,0.000702,0.000746,1e-05,0.05
147,326,-3763,465,-13,38,1.044,-2.386,-0.044603,-0.03989,0.000702,0.000739,1e-05,0.05
290,24,-3912,276,31,-56,2.363,-2.631,-0.021594,-0.044171,0.000702,0.000732,1e-05,0.05
223,537,-4540,124,-232,-51,1.255,-2.859,-0.040919,-0.048153,0.000702,0.000736,1e-05,0.05
175,-820,-4046,-138,-42,111,1.48,-2.591,-0.037007,-0.043483,0.000702,0.000737,1e-05,0.05
246,71,-4179,7,58,144,1.747,-2.763,-0.032339,-0.046482,0.000702,0.000738,1e-05,0.05
27,-222,-3792,-141,128,178,2.694,-2.656,-0.015809,-0.044605,0.000702,0.000747,1e-05,0.05
243,777,-4239,191,-398,77,1.108,-2.745,-0.043497,-0.046163,0.000702,0.000743,1e-05,0.05
248,-1422,-4789,-434,345,-59,0.829,-2.932,-0.04836,-0.049425,0.000702,0.000752,1e-05,0.05
489,845,-4248,535,27,-148,1.112,-3.06,-0.04343,-0.051663,0.000702,0.000774,1e-05,0.05
351,-1226,-3945,-304,402,17,2.68,-3.538,-0.016058,-0.060001,0.000702,0.00077,1e-05,0.05
34,2830,-3394,720,-805,145,-0.425,-3.244,-0.070251,-0.05487,0.000702,0.000758,1e-05,0.05
199,-2807,-4670,131,269,-28,1.121,-2.911,-0.043272,-0.049066,0.000702,0.000753,1e-05,0.05
493,971,-5077,817,99,68,1.894,-3.086,-0.029767,-0.052118,0.000702,0.000748,1e-05,0.05
9,-629,-3430,-459,74,-58,3.187,-3.114,-0.007203,-0.052596,0.000702,0.000738,1e-05,0.05
424,1910,-3807,46,-353,235,0.688,-3.041,-0.050821,-0.051329,0.000702,0.000741,1e-05,0.05
167,-2040,-4698,-577,319,22,1.763,-2.919,-0.032068,-0.049205,0.000702,0.000747,1e-05,0.05
246,731,-4069,494,-99,105,1.378,-2.653,-0.038788,-0.044551,0.000702,0.000743,1e-05,0.05
187,-900,-4177,-608,365,103,3.333,-2.807,-0.004656,-0.04725,0.000702,0.000741,1e-05,0.05
399,2732,-3454,120,-633,-43,0.614,-2.854,-0.052114,-0.048061,0.000702,0.000735,1e-05,0.05
-181,-2251,-4073,-290,450,-91,2.885,-2.478,-0.012484,-0.041502,0.000702,0.000732,1e-05,0.05
297,1071,-4288,569,-18,-132,1.716,-3.045,-0.032891,-0.051402,0.000702,0.00074,1e-05,0.05
35,-1173,-4288,-542,352,-40,3.177,-3.255,-0.007375,-0.055061,0.000702,0.000734,1e-05,0.05
322,2890,-2934,133,-511,46,0.694,-3.184,-0.050726,-0.053819,0.000702,0.000741,1e-05,0.05
-111,-2279,-3635,12,224,-127,0.582,-2.979,-0.052675,-0.050249,0.000702,0.000743,1e-05,0.05
253,1260,-4887,568,124,-79,1.287,-3.413,-0.040366,-0.057822,0.000702,0.000742,1e-05,0.05
160,-592,-4334,-26,171,-94,1.815,-3.48,-0.031155,-0.059,0.000702,0.00074,1e-05,0.05
403,1953,-3189,1,-424,11,-0.734,-3.475,-0.075651,-0.058897,0.000702,0.000741,1e-05,0.05
13,-1838,-4236,-443,243,-71,-0.376,-3.231,-0.069387,-0.054643,0.000702,0.000739,1e-05,0.05
417,1056,-4615,82,60,-12,-0.267,-3.527,-0.067496,-0.059821,0.000702,0.000742,1e-05,0.05
262,-561,-4362,182,166,-81,0.332,-3.597,-0.057042,-0.061033,0.000702,0.000751,1e-05,0.05
286,1956,-3324,-30,-131,-94,-1.094,-3.769,-0.081927,-0.064042,0.000702,0.000755,1e-05,0.05
82,-1721,-4288,-385,212,-50,-1.08,-3.729,-0.081682,-0.063332,0.000702,0.000748,1e-05,0.05
312,2162,-3576,580,-209,11,-0.895,-3.649,-0.07845,-0.061946,0.000702,0.000742,1e-05,0.05
55,-1801,-4670,-468,717,67,0.156,-3.686,-0.060118,-0.06258,0.000702,0.000746,1e-05,0.05
293,1247,-4512,533,-534,-88,-1.357,-3.53,-0.086511,-0.059857,0.000702,0.000743,1e-05,0.05
85,-1181,-2888,265,514,-114,-0.821,-3.416,-0.077153,-0.057868,0.000702,0.00075,1e-05,0.05
496,2329,-4160,1016,-197,-239,-0.6,-3.543,-0.073311,-0.060086,0.000702,0.000766,1e-05,0.05
-37,-1451,-5123,-849,34,-214,0.75,-3.739,-0.049749,-0.063518,0.000702,0.000781,1e-05,0.05
269,2053,-4797,576,-781,-177,-1.69,-3.49,-0.092333,-0.059161,0.000702,0.000811,1e-05,0.05
299,-2370,-5430,165,254,-212,-1.959,-3.393,-0.097016,-0.057477,0.000702,0.000812,1e-05,0.05
68,945,-3979,957,1,-149,-1.214,-3.391,-0.084017,-0.057438,0.000702,0.000802,1e-05,0.05
135,-221,-3038,-79,445,-11,0.89,-3.771,-0.047306,-0.064066,0.000702,0.000789,1e-05,0.05
236,2438,-4628,442,-721,152,-2.004,-3.494,-0.097814,-0.059229,0.000702,0.00078,1e-05,0.05
205,-2126,-5590,103,235,-79,-1.913,-3.37,-0.096225,-0.057075,0.000702,0.000777,1e-05,0.05
34,789,-3408,740,36,-189,-0.428,-3.027,-0.070297,-0.051094,0.000702,0.000775,1e-05,0.05
392,72,-3679,-144,169,-21,0.588,-3.541,-0.052561,-0.060064,0.000702,0.00077,1e-05,0.05
324,1270,-4406,-34,-189,93,-0.506,-3.498,-0.071657,-0.059302,0.000702,0.00076,1e-05,0.05
222,5,-4444,-138,-19,30,-0.306,-3.351,-0.068178,-0.056746,0.000702,0.000745,1e-05,0.05
353,236,-4002,173,-29,97,0.117,-3.358,-0.060795,-0.056858,0.000702,0.000739,1e-05,0.05
37,164,-3855,330,131,87,0.871,-3.303,-0.047625,-0.055909,0.000702,0.000742,1e-05,0.05
308,140,-4222,-22,19,-6,1.04,-3.245,-0.044678,-0.054898,0.000702,0.000735,1e-05,0.05
338,356,-3807,298,18,24,1.1,-3.481,-0.043632,-0.059013,0.000702,0.000728,1e-05,0.05
182,-72,-4411,-258,-9,90,1.363,-3.401,-0.039038,-0.057616,0.000702,0.000729,1e-05,0.05
179,311,-4282,109,84,142,0.962,-3.221,-0.046043,-0.054477,0.000702,0.000744,1e-05,0.05
381,-63,-4219,-4,-42,175,1.51,-3.324,-0.036482,-0.056276,0.000702,0.000758,1e-05,0.05
10,51,-3749,54,-3,217,1.794,-3.253,-0.031524,-0.055022,0.000702,0.000796,1e-05,0.05
182,32,-3724,42,-32,307,2.029,-3.026,-0.027424,-0.051068,0.000702,0.000836,1e-05,0.05
224,212,-4540,-59,58,217,1.906,-3.112,-0.029572,-0.052561,0.000702,0.000869,1e-05,0.05
276,-64,-4280,-93,50,254,1.877,-3.145,-0.03008,-0.053153,0.000702,0.000897,1e-05,0.05
373,43,-3984,-47,-19,219,1.946,-3.129,-0.02886,-0.052872,0.000702,0.00092,1e-05,0.05
126,57,-4120,-102,32,60,1.995,-3.053,-0.028014,-0.051536,0.000702,0.000904,1e-05,0.05
201,4,-4097,-78,35,89,1.906,-3.099,-0.029566,-0.052346,0.000702,0.000858,1e-05,0.05
356,68,-4036,-81,-2,47,1.871,-3.383,-0.030177,-0.057294,0.000702,0.000826,1e-05,0.05
182,8,-4172,-143,-30,63,1.754,-3.386,-0.03222,-0.057343,0.000702,0.000801,1e-05,0.05
222,27,-3994,-76,2,114,1.66,-3.276,-0.033857,-0.055431,0.000702,0.000794,1e-05,0.05
226,4,-3867,-109,19,98,1.705,-3.383,-0.033077,-0.057304,0.000702,0.000785,1e-05,0.05
210,78,-4070,-176,-22,40,1.546,-3.349,-0.03585,-0.056714,0.000702,0.000767,1e-05,0.05
248,40,-4316,-168,-19,57,1.25,-3.315,-0.041021,-0.05611,0.000702,0.000752,1e-05,0.05
219,34,-4154,-111,-1,63,1.201,-3.31,-0.041865,-0.056018,0.000702,0.000746,1e-05,0.05
219,51,-4033,-96,-2,79,1.203,-3.272,-0.04183,-0.055357,0.000702,0.000744,1e-05,0.05
236,104,-4094,-144,-16,72,1.064,-3.279,-0.044269,-0.055491,0.000702,0.000742,1e-05,0.05
240,136,-4135,-238,2,45,0.745,-3.3,-0.049827,-0.055859,0.000702,0.000739,1e-05,0.05
264,240,-4255,-202,33,-71,0.251,-3.306,-0.058457,-0.055949,0.000702,0.000732,1e-05,0.05
379,-4,-4305,-138,37,-127,0.189,-3.537,-0.059528,-0.059989,0.000702,0.000738,1e-05,0.05
135,346,-3970,-209,-34,-105,-0.206,-3.687,-0.066429,-0.0626,0.000702,0.000752,1e-05,0.05
299,110,-4366,-70,-74,-72,-0.234,-3.368,-0.066918,-0.057039,0.000702,0.000744,1e-05,0.05
323,153,-4242,-453,-1,-85,-0.619,-3.576,-0.073643,-0.060671,0.000702,0.000742,1e-05,0.05
204,228,-4208,-7,-10,-77,-1.168,-3.605,-0.08321,-0.061165,0.000702,0.000737,1e-05,0.05
260,145,-3955,-193,23,-128,-1.044,-3.627,-0.081055,-0.061558,0.000702,0.000739,1e-05,0.05
260,369,-4418,-72,-23,-76,-1.446,-3.679,-0.088075,-0.062459,0.000702,0.00075,1e-05,0.05
251,456,-3790,65,-1,-157,-1.185,-3.636,-0.083514,-0.061708,0.000702,0.000751,1e-05,0.05
100,255,-4281,-311,-73,-231,-1.634,-3.722,-0.091349,-0.063223,0.000702,0.000771,1e-05,0.05
244,611,-3396,238,3,-152,-1.645,-3.816,-0.091542,-0.06485,0.000702,0.000778,1e-05,0.05
156,66,-3924,-401,43,-186,-1.689,-3.929,-0.092313,-0.066832,0.000702,0.00079,1e-05,0.05
253,837,-3835,501,11,-216,-2.04,-3.915,-0.098435,-0.066582,0.000702,0.000814,1e-05,0.05
302,-93,-4302,-352,94,-311,-1.095,-4.099,-0.081951,-0.069789,0.000702,0.000853,1e-05,0.05
146,951,-4003,251,-89,-250,-1.93,-4.123,-0.096524,-0.070211,0.000702,0.000895,1e-05,0.05
262,147,-4156,-107,96,-236,-1.272,-4.12,-0.085035,-0.07016,0.000702,0.00091,1e-05,0.05
139,484,-4311,55,30,-92,-1.745,-4.057,-0.093292,-0.069068,0.000702,0.000902,1e-05,0.05
287,389,-3665,353,-44,-88,-1.343,-3.9,-0.086279,-0.066317,0.000702,0.000871,1e-05,0.05
255,539,-4672,-195,59,-94,-1.668,-4.118,-0.091945,-0.07012,0.000702,0.000854,1e-05,0.05
238,201,-3685,117,-103,-158,-1.954,-3.751,-0.096941,-0.063716,0.000702,0.000829,1e-05,0.05
258,806,-4107,176,23,-48,-2.419,-3.737,-0.105051,-0.063483,0.000702,0.000824,1e-05,0.05
326,-428,-4540,78,290,38,-2.134,-3.433,-0.100072,-0.058169,0.000702,0.000799,1e-05,0.05
501,2103,-4273,864,-236,-183,-2.642,-3.459,-0.108936,-0.058619,0.000702,0.000794,1e-05,0.05
388,-2019,-4952,-202,470,-317,-1.69,-3.757,-0.092334,-0.063829,0.000702,0.000803,1e-05,0.05
399,3272,-2998,1705,-520,-202,-3.273,-3.425,-0.119965,-0.058029,0.000702,0.000838,1e-05,0.05
-59,-2278,-4033,232,552,-255,-0.275,-3.53,-0.067631,-0.059865,0.000702,0.000862,1e-05,0.05
305,2876,-3779,1346,-362,-304,-1.434,-3.364,-0.087857,-0.056967,0.000702,0.000886,1e-05,0.05
291,-1591,-5098,-547,372,-146,0.867,-3.353,-0.047701,-0.056781,0.000702,0.00086,1e-05,0.05
171,2725,-2507,1015,-419,40,-1.669,-3.134,-0.091966,-0.052961,0.000702,0.000844,1e-05,0.05
-129,-1631,-4127,212,488,120,1.494,-2.639,-0.036764,-0.04431,0.000702,0.000814,1e-05,0.05
343,1865,-3964,958,-209,203,0.68,-2.716,-0.050962,-0.045662,0.000702,0.000834,1e-05,0.05
62,-1255,-4872,-480,263,433,2.531,-3.036,-0.01865,-0.051247,0.000702,0.000894,1e-05,0.05
467,2715,-2600,672,-409,450,0.139,-2.9,-0.0604,-0.048867,0.000702,0.00094,1e-05,0.05
-185,-1860,-3642,252,468,284,0.99,-2.713,-0.04555,-0.045605,0.000702,0.000967,1e-05,0.05
254,1201,-4270,784,26,126,1.813,-2.674,-0.031186,-0.044933,0.000702,0.000946,1e-05,0.05
210,-638,-4555,268,222,80,3.322,-3.143,-0.004851,-0.053103,0.000702,0.000911,1e-05,0.05
307,2200,-2960,245,-206,213,0.862,-2.872,-0.047783,-0.04838,0.000702,0.000881,1e-05,0.05
54,-1760,-3977,-222,169,-32,0.998,-2.704,-0.045411,-0.045453,0.000702,0.000853,1e-05,0.05
569,364,-4371,504,-140,-120,1.813,-2.852,-0.031186,-0.048027,0.000702,0.000838,1e-05,0.05
166,-427,-4353,241,109,-129,3.46,-3.304,-0.002438,-0.055919,0.000702,0.000839,1e-05,0.05
199,680,-3825,-233,-110,110,2.438,-3.186,-0.020275,-0.053858,0.000702,0.000812,1e-05,0.05
372,-517,-4216,-287,-11,94,1.86,-3.035,-0.030369,-0.051225,0.000702,0.000794,1e-05,0.05
349,-192,-4056,45,11,187,2.21,-3.279,-0.024264,-0.055478,0.000702,0.000778,1e-05,0.05
27,-281,-3851,91,-8,200,2.914,-3.267,-0.011981,-0.055268,0.000702,0.000783,1e-05,0.05
287,339,-4035,20,-70,275,3.066,-2.942,-0.009328,-0.04961,0.000702,0.000805,1e-05,0.05
176,-283,-4323,-231,58,202,2.669,-3.006,-0.016255,-0.050711,0.000702,0.000826,1e-05,0.05
198,-15,-3859,-250,49,136,2.448,-2.992,-0.020106,-0.050476,0.000702,0.000828,1e-05,0.05
296,-151,-3993,-176,42,92,2.407,-3.012,-0.020814,-0.050821,0.000702,0.000809,1e-05,0.05
281,-108,-4111,-129,-37,103,2.318,-3.143,-0.022371,-0.053116,0.000702,0.000804,1e-05,0.05
184,-87,-3974,-164,0,97,2.157,-3.075,-0.025187,-0.051931,0.000702,0.000796,1e-05,0.05
272,-38,-4131,-243,17,90,1.88,-3.05,-0.030022,-0.051487,0.000702,0.000788,1e-05,0.05
278,-147,-4273,-221,-20,94,1.734,-3.147,-0.032569,-0.053174,0.000702,0.000785,1e-05,0.05
164,-102,-4135,-239,-5,68,1.655,-3.027,-0.033947,-0.051091,0.000702,0.000774,1e-05,0.05
227,27,-4089,-272,7,140,1.319,-2.992,-0.039804,-0.050476,0.000702,0.000775,1e-05,0.05
241,94,-4130,-291,12,-16,0.8,-3.07,-0.048877,-0.051838,0.000702,0.000775,1e-05,0.05
232,23,-4084,-247,28,-153,0.486,-3.156,-0.054352,-0.053333,0.000702,0.000765,1e-05,0.05
332,130,-3996,-252,31,-220,0.181,-3.372,-0.059679,-0.057102,0.000702,0.000785,1e-05,0.05
86,81,-3998,-146,68,-137,0.021,-3.428,-0.06246,-0.058092,0.000702,0.00081,1e-05,0.05
332,90,-4137,-232,56,-81,0.105,-3.585,-0.060996,-0.060823,0.000702,0.000802,1e-05,0.05
269,314,-4258,-270,0,-32,-0.405,-3.624,-0.069903,-0.061513,0.000702,0.00078,1e-05,0.05
148,285,-4081,-266,6,-84,-0.844,-3.463,-0.077568,-0.058704,0.000702,0.000766,1e-05,0.05
419,451,-4429,-175,-29,-277,-1.309,-3.703,-0.085671,-0.062876,0.000702,0.000779,1e-05,0.05
21,226,-3749,-332,55,-316,-1.389,-4.019,-0.08707,-0.068394,0.000702,0.000825,1e-05,0.05
260,537,-3463,-168,-54,-327,-2.252,-4.108,-0.102129,-0.069959,0.000702,0.000867,1e-05,0.05
309,144,-4114,2,64,-318,-1.564,-4.353,-0.090124,-0.074229,0.000702,0.000914,1e-05,0.05
160,604,-4657,-313,-29,-334,-1.77,-4.569,-0.093716,-0.078007,0.000702,0.000958,1e-05,0.05
385,392,-4043,196,-184,-319,-2.112,-4.478,-0.099693,-0.076408,0.000702,0.00098,1e-05,0.05
197,413,-4394,-563,13,-289,-1.817,-4.878,-0.094539,-0.0834,0.000702,0.000988,1e-05,0.05
237,699,-3576,508,48,-280,-2.445,-4.649,-0.105504,-0.079391,0.000702,0.000995,1e-05,0.05
103,225,-4080,-496,144,-249,-1.822,-4.917,-0.094636,-0.084067,0.000702,0.000996,1e-05,0.05
287,1134,-3675,647,-39,-310,-2.814,-4.829,-0.111941,-0.082543,0.000702,0.00101,1e-05,0.05
102,-368,-4239,-288,106,-367,-1.495,-4.97,-0.088932,-0.084993,0.000702,0.001022,1e-05,0.05
176,1643,-3610,562,-157,-244,-2.71,-4.875,-0.110135,-0.083331,0.000702,0.001042,1e-05,0.05
151,-572,-4413,-221,284,-249,-1.596,-4.753,-0.090693,-0.081211,0.000702,0.00102,1e-05,0.05
227,1749,-3516,427,-82,-183,-2.621,-4.74,-0.10857,-0.080992,0.000702,0.000999,1e-05,0.05
52,-960,-4505,-115,396,-60,-1.73,-4.421,-0.093026,-0.07541,0.000702,0.000941,1e-05,0.05
447,2529,-3383,610,-111,-32,-2.704,-4.309,-0.110033,-0.073455,0.000702,0.000888,1e-05,0.05
100,-1680,-4433,-95,364,-80,-2.129,-4.293,-0.099984,-0.073177,0.000702,0.000847,1e-05,0.05
367,3153,-2870,948,-350,-358,-2.745,-4.241,-0.110746,-0.07228,0.000702,0.000863,1e-05,0.05
-47,-1649,-3961,13,320,-234,-0.9,-4.054,-0.078539,-0.069011,0.000702,0.000852,1e-05,0.05
315,3085,-3146,1280,-487,-253,-2.203,-3.575,-0.10128,-0.060644,0.000702,0.000882,1e-05,0.05
147,-1032,-4531,-50,492,-251,-0.777,-3.471,-0.076385,-0.058832,0.000702,0.000885,1e-05,0.05
50,2113,-2754,1270,-164,-252,-0.988,-3.186,-0.080072,-0.05386,0.000702,0.0009,1e-05,0.05
255,-1224,-5417,-732,167,-145,-0.141,-3.277,-0.065299,-0.055457,0.000702,0.000855,1e-05,0.05
53,2187,-2616,1118,-52,115,-1.611,-2.951,-0.090952,-0.049766,0.000702,0.000831,1e-05,0.05
-38,-715,-3799,145,392,234,-0.922,-2.536,-0.078919,-0.042521,0.000702,0.000847,1e-05,0.05
566,742,-4464,707,51,224,-0.457,-2.653,-0.070804,-0.044557,0.000702,0.00087,1e-05,0.05
320,-358,-5149,34,4,125,1.006,-2.705,-0.045279,-0.045472,0.000702,0.000876,1e-05,0.05
281,1919,-2761,473,-218,132,-0.789,-2.714,-0.076605,-0.04563,0.000702,0.000835,1e-05,0.05
374,-829,-4660,25,95,-24,-0.186,-2.598,-0.066079,-0.043598,0.000702,0.000811,1e-05,0.05
210,243,-4275,607,-13,48,1.162,-2.668,-0.042543,-0.044813,0.000702,0.000787,1e-05,0.05
189,65,-3227,265,131,110,2.689,-3.016,-0.015904,-0.0509,0.000702,0.00079,1e-05,0.05
72,786,-4745,251,-417,336,1.203,-2.861,-0.04184,-0.048182,0.000702,0.000821,1e-05,0.05
327,-1249,-4777,-237,170,281,1.087,-2.623,-0.043855,-0.044032,0.000702,0.000861,1e-05,0.05
268,225,-3949,712,-117,309,1.928,-2.541,-0.029186,-0.042597,0.000702,0.000912,1e-05,0.05
175,-277,-3706,-55,99,269,3.424,-2.741,-0.003069,-0.046092,0.000702,0.00094,1e-05,0.05
30,1212,-4658,242,-216,45,1.365,-2.721,-0.039002,-0.045747,0.000702,0.000947,1e-05,0.05
296,-2274,-4419,-877,294,7,2.104,-2.787,-0.026109,-0.046893,0.000702,0.00091,1e-05,0.05
254,564,-3589,758,-195,257,2.308,-2.932,-0.022556,-0.049424,0.000702,0.000891,1e-05,0.05
15,-1088,-3645,-263,357,419,4.691,-3.059,0.019035,-0.051652,0.000702,0.000924,1e-05,0.05
282,1865,-4319,227,-12,375,2.375,-3.079,-0.021377,-0.051988,0.000702,0.000978,1e-05,0.05
275,-1453,-4396,-371,181,459,2.802,-3.337,-0.013927,-0.056505,0.000702,0.001034,1e-05,0.05
266,-46,-3963,64,-18,610,3.056,-3.309,-0.009493,-0.056005,0.000702,0.001096,1e-05,0.05
-28,-787,-4121,-40,-55,650,4.263,-3.172,0.011579,-0.053609,0.000702,0.00116,1e-05,0.05
452,246,-4147,-97,-39,615,3.941,-3.105,0.005946,-0.052445,0.000702,0.001231,1e-05,0.05
194,-706,-4008,-158,6,704,4.42,-3.27,0.014306,-0.055334,0.000702,0.001297,1e-05,0.05
92,-159,-4187,-384,-2,536,4.268,-3.234,0.011659,-0.054696,0.000702,0.001347,1e-05,0.05
506,5,-3950,-235,64,252,3.472,-3.469,-0.002227,-0.058808,0.000702,0.001326,1e-05,0.05
224,-139,-4008,-279,-156,277,3.375,-3.63,-0.003935,-0.061611,0.000702,0.001266,1e-05,0.05
165,254,-4176,-208,19,137,2.186,-3.532,-0.024672,-0.059901,0.000702,0.001243,1e-05,0.05
235,22,-4052,-450,13,4,1.521,-3.573,-0.036292,-0.060607,0.000702,0.001093,1e-05,0.05
